time_tick,att_X_value,att_Y_value,att_Z_value
0.003925,-0.325905,0.976834,0.455902
0.033900,-0.367438,1.057790,0.454453
0.063873,-0.290414,0.973092,0.456554
0.103846,-0.351667,1.009536,0.456310
0.133818,-0.337470,1.001469,0.456801
0.168781,-0.351076,1.021583,0.456129
0.208769,-0.362558,1.025064,0.455845
0.223756,-0.365618,1.060514,0.456134
0.268718,-0.359638,1.036140,0.455877
0.298692,-0.355950,1.042482,0.454908
0.333665,-0.355218,1.026242,0.453622
0.373604,-0.355137,1.016344,0.452945
0.403594,-0.359813,1.013845,0.453292
0.433562,-0.354913,1.002706,0.453552
0.463542,-0.355957,1.000206,0.454470
0.508516,-0.355298,0.992808,0.456140
0.538491,-0.356931,0.990566,0.455561
0.568464,-0.354543,0.988163,0.455524
0.603437,-0.353572,0.981301,0.456695
0.633411,-0.351086,0.975847,0.457890
0.663386,-0.349671,0.970314,0.457888
0.693361,-0.345291,0.967920,0.458452
0.733325,-0.343728,0.963894,0.457440
0.778269,-0.345705,0.960610,0.456406
0.808250,-0.347823,0.961049,0.456141
0.838217,-0.350152,0.955503,0.456486
0.868194,-0.350466,0.953341,0.456507
0.903184,-0.346986,0.951760,0.456730
0.933159,-0.347074,0.945592,0.457070
0.973123,-0.346006,0.945471,0.455165
1.003098,-0.343290,0.945278,0.453932
1.038051,-0.337008,0.935498,0.454119
1.068026,-0.333007,0.935616,0.454689
1.097999,-0.336152,0.935676,0.454459
1.137969,-0.331904,0.933068,0.453734
1.167937,-0.331408,0.933179,0.453461
1.202930,-0.325149,0.928225,0.453634
1.232887,-0.326590,0.927288,0.453692
1.262854,-0.324820,0.923548,0.454296
1.292855,-0.325182,0.919506,0.454017
1.322829,-0.323746,0.918291,0.454627
1.367792,-0.327180,0.920159,0.455785
1.407730,-0.343468,0.953444,0.458397
1.422744,-0.340692,0.972499,0.458814
1.467681,-0.346474,0.958301,0.460485
1.512667,-0.383530,1.000884,0.466971
1.532652,-0.380325,0.992967,0.471205
1.572617,-0.425971,0.995649,0.465864
1.602591,-0.409397,0.947739,0.457098
1.637561,-0.423482,0.953573,0.449445
1.667538,-0.521321,0.989299,0.452910
1.707503,-0.479220,1.059133,0.465737
1.737478,-0.527230,1.106305,0.470866
1.767452,-0.525618,1.109906,0.475176
1.812400,-0.489929,1.108951,0.490288
1.842374,-0.505980,1.135574,0.496135
1.872350,-0.568263,1.157463,0.504185
1.902312,-0.613759,1.114529,0.502104
1.937292,-0.670725,1.135031,0.499574
1.967286,-0.853047,1.234188,0.489075
2.007249,-1.005098,1.269496,0.497374
2.037224,-1.155992,1.276108,0.497613
2.072198,-1.301527,1.276772,0.492448
2.102172,-1.363457,1.253085,0.484547
2.132146,-1.450430,1.229303,0.481499
2.162120,-1.436113,1.229392,0.481263
2.192095,-1.426459,1.226635,0.474018
2.232060,-1.362714,1.159937,0.484690
2.267017,-1.364645,1.146150,0.472509
2.296985,-1.410289,1.122360,0.470991
2.336944,-1.415465,1.098836,0.484447
2.366946,-1.409741,1.060223,0.471733
2.396911,-1.319492,1.077321,0.447973
2.431893,-1.327335,1.027262,0.498291
2.476854,-1.270891,1.038247,0.439174
2.501811,-1.312002,1.007598,0.437763
2.536804,-1.000925,1.003080,0.366708
2.561766,-1.130434,1.068841,0.315184
2.606743,-0.955612,0.920882,0.227984
2.636718,-1.041004,0.871981,0.190761
2.671680,-1.375531,0.732396,0.140267
2.711638,-1.389292,0.675175,0.086359
2.741622,-1.222595,0.681836,0.099763
2.771604,-1.111923,0.589129,0.055443
2.801578,-1.042997,0.511888,0.011377
2.836531,-0.751831,0.478962,-0.086366
2.876494,-0.966157,0.401420,-0.088368
2.906463,-1.063653,0.300412,-0.100258
2.936454,-1.191960,0.252620,-0.095476
2.981402,-1.364267,0.292275,-0.066469
3.011401,-1.370736,0.277144,-0.060922
3.041375,-1.306418,0.299818,-0.047208
3.061360,-1.302600,0.304050,-0.059545
3.101326,-1.325120,0.239964,-0.048519
3.136297,-1.449049,0.205996,-0.040999
3.176261,-1.512980,0.150620,-0.042792
3.206236,-1.473369,0.305703,0.002629
3.236210,-1.432475,0.319911,-0.000102
3.266186,-1.348778,0.372744,-0.007127
3.301136,-1.500223,0.184347,0.009493
3.331134,-1.678494,0.266656,0.025064
3.361103,-1.691569,0.246955,0.039976
3.401051,-1.700100,0.270232,0.012821
3.436043,-1.664862,0.293838,0.015307
3.466017,-1.679729,0.362376,0.003565
3.505983,-1.834292,0.604810,0.006986
3.535882,-1.689219,0.603433,-0.006329
3.570836,-1.500023,0.806435,-0.014755
3.600808,-1.582696,0.921853,-0.031595
3.640776,-1.542009,1.142960,-0.023641
3.670756,-1.600779,1.216984,-0.018284
3.700730,-1.720953,1.278273,0.010454
3.735692,-1.668828,1.409127,-0.011490
3.775679,-1.765171,1.378314,-0.020534
3.805654,-1.775921,1.405728,-0.031880
3.820642,-1.759628,1.438926,-0.034856
3.870581,-1.806466,1.561021,-0.058076
3.910566,-1.752674,1.575321,-0.103676
3.940541,-1.651900,1.554205,-0.121755
3.970514,-1.876082,1.695757,-0.138375
4.000489,-1.673149,1.637958,-0.152776
4.035460,-1.731258,1.768072,-0.192066
4.065434,-1.762136,1.907845,-0.191749
4.105377,-1.673756,1.914360,-0.209725
4.135361,-1.609707,1.946550,-0.240719
4.165329,-1.623880,2.015594,-0.268951
4.200321,-1.642262,2.007618,-0.253416
4.240286,-1.696228,1.973021,-0.275834
4.270261,-1.697977,1.925008,-0.272828
4.300236,-1.717069,1.951459,-0.274107
4.335179,-1.797361,1.960813,-0.275704
4.360184,-1.751720,1.983773,-0.270795
4.405147,-1.751063,2.012470,-0.257231
4.435122,-1.784816,1.996088,-0.264739
4.470094,-1.794295,1.993621,-0.259671
4.510055,-1.696481,1.977260,-0.262416
4.540024,-1.232282,2.076699,-0.285833
4.569992,-1.417329,2.091379,-0.277154
4.604955,-1.194986,2.048248,-0.308527
4.634954,-1.189012,2.084270,-0.329546
4.664922,-1.338597,1.953246,-0.328412
4.694881,-1.269944,1.901680,-0.348523
4.734848,-1.218778,1.875081,-0.385146
4.779828,-1.256164,1.989137,-0.417399
4.809804,-1.198480,2.047830,-0.462631
4.829788,-1.214396,2.088368,-0.454026
4.869754,-1.198969,2.098238,-0.493092
4.899728,-1.273560,2.050506,-0.542184
4.944687,-1.359857,1.938114,-0.584146
4.964665,-1.339637,1.938342,-0.607376
5.004620,-1.317349,1.879332,-0.641775
5.049601,-1.403644,1.880330,-0.670795
5.064588,-1.551085,1.936810,-0.663150
5.109549,-1.582241,1.925035,-0.671260
5.139525,-1.667007,2.088347,-0.663656
5.169500,-1.843088,2.023213,-0.647527
5.204471,-1.937080,1.972966,-0.657689
5.234446,-1.902502,1.975077,-0.675844
5.274410,-1.851398,1.911364,-0.684001
5.294395,-1.851823,1.855619,-0.668419
5.334360,-2.102797,1.841429,-0.670994
5.364334,-2.285329,1.879307,-0.657579
5.409284,-2.253312,1.847074,-0.657661
5.439271,-2.142191,1.779865,-0.636616
5.469245,-2.151087,1.757799,-0.620524
5.499220,-2.222929,1.676249,-0.623964
5.544166,-2.181742,1.555825,-0.613032
5.564156,-2.062803,1.562806,-0.616398
5.604111,-1.724321,1.536823,-0.624738
5.634079,-1.683366,1.546740,-0.630865
5.664054,-1.744064,1.548755,-0.646177
5.709022,-1.700122,1.538749,-0.645086
5.724015,-1.722879,1.572058,-0.647221
5.768993,-1.772702,1.541746,-0.668891
5.803964,-1.621569,1.566997,-0.672498
5.833938,-1.471954,1.574061,-0.685653
5.873903,-1.526380,1.403880,-0.707144
5.903877,-1.470196,1.314485,-0.725815
5.923863,-1.159951,1.287299,-0.741694
5.963826,-0.992503,0.954820,-0.765575
5.998795,-1.248878,1.080191,-0.798083
6.038742,-1.276258,1.088509,-0.828299
6.068711,-1.460742,0.984318,-0.847539
6.098712,-1.570372,0.926231,-0.871502
6.133684,-1.703030,0.927028,-0.903295
6.173649,-1.730652,0.904757,-0.911701
6.203624,-1.755854,0.978011,-0.921310
6.233597,-1.748432,0.949471,-0.919407
6.278560,-1.794465,0.867406,-0.900014
6.308534,-1.887550,0.850942,-0.877492
6.338509,-2.041729,0.785605,-0.831362
6.368484,-2.154057,0.684385,-0.814970
6.403457,-2.377193,0.480302,-0.823128
6.433415,-2.393889,0.488912,-0.806728
6.463405,-2.324050,0.477255,-0.793564
6.493352,-1.996912,0.462311,-0.807309
6.523347,-1.911726,0.482751,-0.805209
6.578287,-2.040057,0.415133,-0.818543
6.593293,-2.018689,0.414925,-0.843266
6.638230,-1.991659,0.469240,-0.846126
6.668228,-1.669090,0.456885,-0.873629
6.703174,-1.555063,0.364927,-0.889642
6.743168,-1.486121,0.292197,-0.898065
6.758153,-1.517640,0.306044,-0.904665
6.803116,-1.428289,0.379073,-0.906919
6.833090,-1.227509,0.421374,-0.939400
6.868062,-1.364146,0.470955,-0.930109
6.908017,-1.509273,0.468933,-0.926976
6.938001,-1.546443,0.505138,-0.913937
6.967976,-1.387754,0.483288,-0.907425
6.997951,-1.384681,0.449657,-0.911499
7.027925,-1.436166,0.507835,-0.887902
7.072861,-1.546876,0.490911,-0.892960
7.102862,-1.617066,0.456666,-0.893547
7.122838,-1.687353,0.455601,-0.893173
7.167807,-1.627662,0.478957,-0.888626
7.207772,-1.292911,0.498912,-0.894472
7.237731,-1.268940,0.516199,-0.883656
7.252735,-1.064110,0.521592,-0.891496
7.312683,-0.850426,0.522710,-0.911873
7.342658,-0.805075,0.516807,-0.929669
7.372632,-0.745989,0.529918,-0.910199
7.402607,-0.661424,0.579893,-0.906743
7.437566,-0.733144,0.662029,-0.920134
7.462557,-0.667609,0.674814,-0.929310
7.507492,-0.555153,0.736285,-0.932873
7.537479,-0.560755,0.835785,-0.908131
7.567469,-0.645060,0.873582,-0.923061
7.612413,-0.801587,0.916525,-0.920653
7.642380,-0.646374,0.933921,-0.925884
7.672379,-0.475212,0.974673,-0.915720
7.702347,-0.470381,0.940063,-0.876865
7.732315,-0.623293,0.944985,-0.884807
7.777290,-0.564305,0.807395,-0.877311
7.807264,-0.526665,0.794192,-0.875502
7.837239,-1.054127,0.743999,-0.845295
7.867214,-1.057994,0.675289,-0.848085
7.902185,-1.382998,0.591342,-0.811377
7.932159,-1.125362,0.713214,-0.789124
7.972125,-1.088127,0.707031,-0.761210
8.002099,-1.213525,0.794305,-0.747264
8.047043,-1.334880,0.859984,-0.706138
8.062048,-1.063527,0.756474,-0.718149
8.091996,-1.102701,0.847496,-0.695701
8.136985,-0.815271,0.846496,-0.677235
8.166928,-0.794890,0.853619,-0.672365
8.196934,-0.853016,0.900700,-0.665219
8.241898,-0.747358,0.866841,-0.669497
8.261879,-0.734096,0.891806,-0.652125
8.301821,-0.697183,0.912334,-0.622093
8.331802,-0.740091,0.913664,-0.608281
8.366792,-0.765780,0.879733,-0.611107
8.406756,-0.824539,0.848707,-0.620412
8.436731,-0.752146,0.813799,-0.608161
8.481673,-0.886474,0.819199,-0.594818
8.501677,-0.962240,0.841773,-0.580968
8.531574,-0.940973,0.835008,-0.567724
8.561548,-0.893754,0.800161,-0.565413
8.591523,-0.884364,0.811346,-0.551851
8.631487,-0.979347,0.772746,-0.556201
8.676451,-0.867999,0.797714,-0.564086
8.706419,-0.973430,0.909267,-0.540695
8.736387,-0.563577,1.024946,-0.552096
8.766356,-0.395793,0.910686,-0.552324
8.811334,-0.108295,0.701806,-0.560193
8.831319,0.027064,0.666113,-0.551256
8.871284,-0.159387,0.632083,-0.548058
8.901259,-0.321879,0.617691,-0.555613
8.936230,-0.383205,0.607493,-0.532568
8.961209,-0.190571,0.657675,-0.532222
9.006170,-0.137989,0.555568,-0.522582
9.036144,-0.144515,0.523653,-0.520272
9.066119,-0.223391,0.497591,-0.506988
9.111068,-0.199150,0.373558,-0.518476
9.141035,-0.208883,0.472257,-0.499938
9.171019,-0.321434,0.598709,-0.489678
9.200988,-0.304882,0.609606,-0.507371
9.235973,-0.263644,0.593561,-0.526248
9.265925,-0.441202,0.695825,-0.515307
9.305911,-0.548789,0.689233,-0.554485
9.335873,-0.569795,0.646232,-0.579078
9.370862,-0.673833,0.643517,-0.595543
9.410825,-0.920832,0.575061,-0.643090
9.430812,-0.986087,0.607276,-0.675218
9.460786,-0.956451,0.575795,-0.644960
9.500731,-0.952101,0.442900,-0.625346
9.535722,-0.942205,0.328168,-0.584988
9.565697,-0.950842,0.229374,-0.539102
9.605661,-0.892219,0.132247,-0.552377
9.635636,-0.973694,0.073036,-0.539265
9.665610,-1.080177,0.006035,-0.539346
9.695584,-0.977837,-0.056665,-0.540052
9.740538,-0.824493,-0.125571,-0.522582
9.770506,-0.831029,-0.165435,-0.523774
9.800475,-0.960728,-0.110709,-0.512848
9.835468,-1.209356,-0.150038,-0.511114
9.875432,-1.729696,-0.133243,-0.514911
9.910404,-2.056651,-0.048320,-0.518686
9.935381,-2.206242,-0.056017,-0.525499
9.970353,-2.057042,-0.037143,-0.527087
10.000324,-1.740084,-0.030417,-0.531140
10.040282,-1.690123,-0.069931,-0.529421
10.070262,-1.809761,-0.097923,-0.537089
10.100241,-1.926626,-0.110804,-0.524518
10.135211,-1.790060,-0.141797,-0.554345
10.165169,-1.874218,-0.074653,-0.577410
10.205152,-1.932186,-0.160972,-0.580006
10.235127,-1.867267,-0.147945,-0.586633
10.265102,-1.858574,-0.188719,-0.583710
10.295076,-1.922610,-0.246313,-0.605538
10.330035,-1.880522,-0.292146,-0.619596
10.370013,-1.771076,-0.330622,-0.614317
10.399962,-1.809570,-0.400892,-0.608789
10.434959,-1.782576,-0.415211,-0.626903
10.474923,-1.969209,-0.562458,-0.633089
10.494909,-2.064490,-0.624686,-0.641451
10.534850,-1.910751,-0.691276,-0.583880
10.579835,-1.788625,-0.587060,-0.599071
10.584832,-1.797287,-0.609625,-0.624046
10.639783,-2.166263,-0.970869,-0.614610
10.669758,-2.205645,-0.976363,-0.638581
10.699733,-2.262664,-1.020712,-0.583873
10.744689,-2.099637,-1.097326,-0.577465
10.774657,-1.881320,-1.129572,-0.593327
10.804621,-1.936467,-1.093372,-0.567476
10.834593,-2.027503,-1.098161,-0.589809
10.879579,-2.023885,-1.113841,-0.550377
10.909554,-1.866805,-0.816098,-0.538051
10.939529,-1.898607,-0.878274,-0.571673
10.969504,-1.807857,-0.830915,-0.569435
10.999478,-1.739075,-0.735262,-0.568556
11.034438,-1.675502,-0.674460,-0.587155
11.059428,-1.648106,-0.628467,-0.609028
11.104370,-1.450791,-0.326853,-0.590412
11.134351,-1.222870,-0.044359,-0.604305
11.169320,-1.449393,0.145193,-0.514911
11.199296,-1.603774,0.131981,-0.510020
11.239256,-1.700678,0.350142,-0.452986
11.269225,-1.620841,0.586902,-0.369826
11.284237,-1.640981,0.737303,-0.340243
11.329179,-1.787806,1.130257,-0.220687
11.364169,-1.895126,1.119507,-0.214980
11.394144,-2.055610,1.044634,-0.229030
11.434109,-2.316982,1.058362,-0.200562
11.479071,-2.255937,1.037132,-0.206267
11.494058,-2.158894,1.024591,-0.204681
11.539000,-1.936121,0.879479,-0.217565
11.568968,-1.951115,0.842646,-0.218484
11.603966,-2.110324,0.869469,-0.211098
11.643931,-2.355256,0.965882,-0.207449
11.663897,-2.362110,0.975255,-0.208201
11.703857,-2.633499,0.954711,-0.197469
11.733855,-2.600769,0.972725,-0.202058
11.778816,-2.733196,0.951284,-0.208904
11.793791,-2.775076,0.963207,-0.210820
11.828753,-2.860945,0.941900,-0.219231
11.868742,-3.077204,0.924662,-0.205681
11.913702,-3.178209,0.879917,-0.216039
11.933686,-3.197834,0.841454,-0.211107
11.963661,-3.102603,0.804210,-0.191962
11.993635,-2.749446,0.728101,-0.220980
12.033600,-2.696230,0.893731,-0.153075
12.053584,-2.780930,0.983845,-0.128724
12.108519,-2.987518,0.964729,-0.125074
12.138492,-2.819811,0.995732,-0.097078
12.173482,-2.670768,0.825240,-0.130887
12.203458,-2.785531,0.822506,-0.150152
12.233432,-2.945954,0.861534,-0.170242
12.273387,-2.875143,0.799775,-0.223086
12.303371,-2.643721,0.686363,-0.252143
12.333345,-2.532286,0.641009,-0.271935
12.368318,-2.473118,0.594371,-0.285494
12.408282,-2.435535,0.433151,-0.292143
12.423269,-2.419235,0.402326,-0.325476
12.468231,-2.302444,0.291716,-0.332054
12.503187,-2.305870,0.224062,-0.329225
12.543151,-2.359605,0.206259,-0.352632
12.573119,-2.293578,0.180696,-0.354958
12.603099,-2.212251,0.140274,-0.343271
12.638088,-2.010020,0.121103,-0.347916
12.678052,-1.934751,0.098694,-0.346379
12.708027,-1.934166,0.053813,-0.337690
12.738002,-1.990482,0.006036,-0.347760
12.767976,-1.948057,0.018994,-0.341909
12.802948,-2.127342,0.020344,-0.335538
12.832922,-2.176467,-0.007908,-0.344084
12.872862,-2.013059,-0.012636,-0.323395
12.902861,-2.378858,-0.015835,-0.320195
12.937824,-2.454364,-0.043460,-0.327114
12.967792,-2.417393,-0.055842,-0.323427
12.997783,-2.340857,-0.078556,-0.316365
13.037749,-2.369133,-0.031966,-0.306847
13.067699,-2.362108,0.002597,-0.310474
13.097685,-2.684906,0.086164,-0.292275
13.142638,-2.804674,0.064814,-0.298468
13.172617,-2.820358,0.111229,-0.283125
13.202605,-2.699652,0.115670,-0.293338
13.232564,-2.646092,0.194490,-0.300363
13.262544,-2.722205,0.187751,-0.297648
13.307517,-2.673464,0.121450,-0.376974
13.352477,-3.113254,0.193201,-0.368210
13.367467,-3.210035,0.205458,-0.376336
13.412406,-3.191141,0.189290,-0.401281
13.442381,-2.998448,0.172550,-0.393011
13.462390,-2.887389,0.119551,-0.397402
13.492358,-2.807189,0.045877,-0.409785
13.522248,-2.841677,0.013881,-0.401395
13.552222,-2.944641,-0.050332,-0.391765
13.607174,-2.890323,-0.178535,-0.398074
13.637149,-2.547781,-0.253912,-0.384146
13.667115,-2.577223,-0.336746,-0.407360
13.682111,-2.347949,-0.366381,-0.406446
13.732070,-2.181011,-0.459270,-0.487905
13.772034,-2.501409,-0.431136,-0.512446
13.802009,-2.622801,-0.296723,-0.554586
13.836966,-3.031927,-0.118302,-0.544486
13.866934,-3.018405,-0.152010,-0.554373
13.906903,-2.959489,-0.104838,-0.572866
13.936894,-2.617707,-0.199723,-0.574811
13.966869,-2.641176,-0.194115,-0.591348
13.996844,-2.643946,-0.186685,-0.580199
14.041780,-2.457306,-0.254389,-0.597205
14.061788,-2.439161,-0.624950,-0.579767
14.101747,-2.446699,-0.585439,-0.637264
14.121726,-2.353895,-0.610501,-0.587842
14.166701,-1.979254,-0.602475,-0.696867
14.206666,-2.029423,-0.557213,-0.744434
14.236640,-2.296918,-0.640294,-0.744411
14.271612,-2.578538,-0.745219,-0.800074
14.301586,-2.614205,-0.742104,-0.831031
14.331560,-2.427340,-0.773481,-0.873934
14.371524,-2.488614,-0.767294,-0.926263
14.401500,-2.329825,-0.785381,-0.973559
14.431474,-2.386284,-0.663161,-1.029684
14.476412,-2.160274,-0.558308,-1.053225
14.506410,-2.137827,-0.530585,-1.150876
14.536378,-1.952790,-0.625060,-1.175197
14.566358,-1.633702,-0.589712,-1.257507
14.611322,-1.100428,-0.758350,-1.390800
14.641296,-1.141574,-0.612047,-1.428272
14.671271,-1.128393,-0.696285,-1.536032
14.701230,-1.123723,-0.569334,-1.597944
14.721215,-1.161879,-0.524053,-1.626914
14.766190,-1.042897,-0.427326,-1.686582
14.806156,-0.752633,-0.320878,-1.726116
14.836130,-0.187198,-0.325788,-1.774558
14.866104,-0.143209,-0.276219,-1.805965
14.901052,-0.192930,-0.108327,-1.835888
14.941041,-0.155093,0.066663,-1.878340
14.961026,-0.063904,0.083520,-1.897880
14.991000,-0.011847,0.200715,-1.927422
15.035963,-0.181503,0.214179,-1.971405
15.060939,-0.223646,0.244022,-2.003612
15.105879,-0.168812,0.094894,-2.060948
15.135865,-0.297879,0.064480,-2.067635
15.165834,-0.216354,0.101415,-2.068549
15.210785,-0.156319,0.056427,-2.083200
15.240774,-0.167033,0.045199,-2.070937
15.270742,-0.208508,-0.009034,-2.074894
15.305732,-0.317979,-0.071131,-2.069555
15.335707,-0.492600,-0.112636,-2.065481
15.360686,-0.522271,-0.143569,-2.058987
15.395656,-0.525748,-0.160272,-2.046188
15.435620,-0.190228,-0.206194,-2.057517
15.465595,-0.181853,-0.153915,-2.047068
15.510530,-0.178579,-0.110406,-2.048421
15.540528,-0.166611,-0.103240,-2.049731
15.570505,-0.207678,-0.067461,-2.043393
15.600480,-0.159333,-0.101663,-2.031290
15.635452,-0.150670,-0.102681,-2.011913
15.665426,-0.344222,-0.146909,-2.003039
15.695402,-0.310091,-0.158246,-2.007612
15.735366,-0.568223,-0.100867,-1.997733
15.750353,-0.619022,-0.103195,-2.007634
15.795311,-0.594768,-0.131281,-2.036081
15.840276,-0.540599,-0.181036,-2.027095
15.860261,-0.419467,-0.217480,-2.034610
15.900226,-0.484633,-0.207207,-2.047718
15.935181,-0.497023,-0.262062,-2.068228
15.975162,-0.642317,-0.337320,-2.080683
15.995146,-0.545437,-0.362007,-2.081299
16.025106,-0.843321,-0.306306,-2.080890
16.070082,-0.822636,-0.310518,-2.070143
16.110029,-0.538861,-0.251207,-2.056395
16.140016,-0.536886,-0.280803,-2.069777
16.169982,-0.609190,-0.298286,-2.078320
16.204940,-0.591118,-0.353340,-2.092486
16.234943,-0.588351,-0.319159,-2.095728
16.264918,-0.620982,-0.277076,-2.107488
16.294891,-0.799634,-0.199059,-2.100949
16.334856,-0.655331,0.139674,-2.125111
16.379792,-0.473953,0.187673,-2.161454
16.409792,-0.505236,0.299409,-2.164565
16.429777,-0.474496,0.335753,-2.195070
16.459752,-0.249251,0.328880,-2.245148
16.499716,-0.138590,0.345798,-2.264780
16.559664,-0.235378,0.391232,-2.263682
16.564650,-0.206989,0.380857,-2.274953
16.604629,-0.145427,0.321081,-2.282050
16.634601,-0.207127,0.353617,-2.308824
16.664576,-0.367857,0.429198,-2.273495
16.709538,-0.297263,0.496177,-2.343670
16.739512,-0.295691,0.556901,-2.354373
16.769487,-0.205878,0.555006,-2.367787
16.799434,-0.239272,0.609100,-2.380844
16.834433,-0.272843,0.704905,-2.415630
16.864401,-0.246565,0.754707,-2.442527
16.894381,-0.163262,0.803921,-2.494003
16.924357,-0.243929,0.869273,-2.524160
16.964320,-0.146308,0.949727,-2.582667
17.009275,-0.118686,0.997012,-2.566425
17.024269,-0.173625,0.955792,-2.597346
17.069212,-0.061312,0.837140,-2.654514
17.099193,-0.061482,0.913981,-2.666745
17.144166,0.056123,0.778153,-2.748469
17.174130,0.179954,0.757413,-2.802941
17.204103,0.262419,0.675258,-2.837985
17.234071,0.150263,0.623599,-2.883994
17.264039,0.053191,0.592503,-2.903357
17.294027,0.070457,0.531910,-2.915970
17.339003,0.012105,0.453687,-2.970220
17.368976,0.021084,0.423846,-2.976528
17.403948,-0.003314,0.422755,-2.993474
17.443913,-0.115700,0.390815,-3.004552
17.463898,-0.123436,0.387054,-3.015849
17.493872,0.066735,0.337647,-3.019861
17.533836,-0.186882,0.258343,-3.009924
17.563811,-0.309978,0.162607,-3.005329
17.593785,-0.214512,0.177265,-3.019737
17.638734,-0.074352,0.309149,-3.026917
17.673719,-0.261112,0.319826,-3.042282
17.698671,0.270110,0.306763,-3.060780
17.743659,0.279918,0.391130,-3.073046
17.773632,0.171163,0.371988,-3.085353
17.803590,0.177294,0.428224,-3.086138
17.833581,0.085903,0.440871,-3.094710
17.868553,-0.023293,0.432377,-3.133001
17.898528,0.160446,0.419057,-3.148430
17.938489,0.131371,0.391211,-3.160506
17.968466,-0.094347,0.372094,-3.172741
17.998441,-0.145261,0.292145,-3.206089
18.043398,-0.054910,0.254311,-3.254030
18.073367,0.003192,0.201949,-3.291567
18.103334,-0.109885,0.206950,-3.315449
18.133302,0.043523,0.122586,-3.352749
18.163301,0.052629,0.109623,-3.378117
18.208262,-0.095700,0.047669,-3.405060
18.238238,-0.038906,0.034887,-3.429588
18.268211,-0.253638,-0.098474,-3.448813
18.298187,-0.713362,-0.135585,-3.476113
18.333158,-0.676703,-0.153004,-3.533418
18.373122,-0.771667,-0.003840,-3.609750
18.403097,-0.825081,0.030907,-3.672659
18.433071,-1.089532,-0.133789,-3.722426
18.478028,-0.919953,-0.187045,-3.843998
18.498008,-1.026834,-0.418885,-3.863227
18.537909,-1.119963,-0.358126,-3.919166
18.557872,-0.844010,-0.386137,-3.952214
18.587868,-1.056627,-0.355163,-3.999544
18.632831,-0.667820,-0.410244,-4.058023
18.672770,-0.580413,-0.458791,-4.090048
18.702748,-0.533754,-0.194998,-4.105804
18.732716,-0.534038,-0.134620,-4.128900
18.767709,-0.286468,-0.188528,-4.195120
18.797671,-0.473180,-0.045630,-4.219929
18.827645,-0.626787,-0.009151,-4.231450
18.882600,-0.470973,0.076164,-4.308182
18.902600,-0.373827,0.105736,-4.341013
18.932574,-0.551948,0.147377,-4.390148
18.962549,-0.419760,0.166916,-4.454920
18.992524,-0.305950,0.180001,-4.496729
19.022499,-0.317073,0.167724,-4.543436
19.062463,-0.364896,0.262241,-4.594036
19.107411,-0.550241,0.354733,-4.664410
19.137374,-0.492068,0.347616,-4.770810
19.167364,-0.413849,0.351093,-4.913513
19.212335,-0.432034,0.384167,-5.071917
19.242310,-0.372999,0.403318,-5.471102
19.272285,-0.410317,0.403430,-6.169877
19.302258,-0.541101,0.301693,-6.774529
19.337230,-0.406728,0.361668,-7.294061
19.367205,-0.243681,0.322041,-7.552800
19.407169,-0.246787,0.301419,-7.914663
19.422139,-0.290187,0.315158,-8.087801
19.467119,-0.304746,0.384710,-8.774159
19.512074,-0.139205,0.412793,-9.605715
19.542039,-0.207669,0.490282,-10.255166
19.572015,-0.273435,0.529909,-10.957905
19.607001,-0.390055,0.542125,-11.749745
19.646965,-0.604554,0.582729,-12.064955
19.676940,-0.432742,0.559886,-12.255875
19.706915,-0.314081,0.669473,-12.477936
19.736888,-0.668400,0.650812,-12.743160
19.771861,-0.527024,0.657866,-13.266938
19.801835,-0.580502,0.656679,-13.716592
19.831809,-0.258278,0.566078,-14.144169
19.871774,-0.285414,0.624459,-14.636917
19.901748,-0.294500,0.816854,-15.076048
19.936715,-0.408256,0.877157,-15.674552
19.966684,-0.496505,0.906631,-16.102774
20.006659,-0.437218,0.896455,-16.468959
20.036633,-0.322866,0.912486,-16.761679
20.071605,-0.489002,0.922268,-17.039299
20.096584,-0.551540,0.863419,-17.171203
20.131555,-0.389531,0.887656,-17.418985
20.171520,-0.301405,0.794312,-17.956818
20.201474,-0.335716,0.690993,-18.353835
20.236465,-0.227833,0.650136,-19.156130
20.261434,-0.197070,0.618646,-19.705991
20.306404,-0.373228,0.668773,-20.737559
20.336378,-0.202358,0.630900,-21.592422
20.371347,-0.438545,0.587393,-22.772789
20.401325,-0.528431,0.499952,-23.708470
20.431299,-0.703347,0.474046,-24.490275
20.461273,-0.611385,0.431691,-24.973129
20.491248,-0.760475,0.301114,-25.265350
20.531209,-0.573819,0.403875,-25.433685
20.561187,-0.619399,0.389315,-25.498262
20.606135,-0.935062,0.380294,-25.606652
20.636118,-0.756993,0.373774,-25.695742
20.681086,-0.763730,0.317157,-26.061063
20.711060,-0.871644,0.219425,-26.474869
20.731044,-1.015039,0.269264,-26.799408
20.771008,-1.116958,0.207515,-27.434933
20.800983,-1.248124,0.105996,-27.593403
20.835955,-1.246980,0.166718,-27.721857
20.875920,-1.233154,0.227235,-28.076095
20.905893,-1.163401,0.561078,-28.371243
20.940866,-1.040241,0.735085,-29.034917
20.965844,-1.402346,0.879178,-29.708980
21.000807,-1.651504,0.884580,-31.085427
21.030788,-1.543113,0.924753,-32.840225
21.060763,-1.843542,0.704081,-34.256743
21.090738,-1.741522,0.613575,-35.417946
21.145689,-1.608661,0.372169,-37.102564
21.175664,-1.768989,0.324907,-38.262332
21.205639,-1.803987,0.442155,-39.650478
21.235593,-1.848033,0.339758,-40.860039
21.270584,-1.901294,0.347048,-41.954842
21.310549,-1.770217,0.454729,-42.903468
21.340524,-1.764407,0.578492,-43.687371
21.370498,-1.842556,0.632182,-44.517669
21.400473,-1.934432,0.740619,-45.292445
21.435444,-2.247912,0.813572,-46.140108
21.465419,-1.977247,0.714094,-46.428139
21.505383,-2.177592,0.804543,-46.657661
21.535357,-2.301896,0.735921,-46.813862
21.570321,-2.218162,0.694890,-46.971305
21.600290,-1.979296,0.830740,-47.255168
21.640253,-2.090986,0.886501,-47.901858
21.670218,-1.971292,0.868752,-48.311927
21.705214,-1.863693,0.956520,-49.014313
21.735189,-1.952834,1.097793,-50.095575
21.765163,-2.061470,1.086211,-50.973989
21.795138,-2.100307,1.160237,-51.381409
21.835102,-1.922350,1.221723,-51.607667
21.880066,-2.011889,1.360884,-52.094138
21.910039,-2.213400,1.489628,-52.473736
21.940013,-2.163353,1.468127,-52.732034
21.969974,-2.233055,1.620379,-52.943300
22.004953,-2.292475,1.716600,-53.203280
22.034921,-2.313809,1.694930,-53.461982
22.074879,-2.323715,1.672929,-53.884920
22.104873,-2.223793,1.721049,-54.724072
22.134848,-2.306364,1.657699,-56.053689
22.164821,-2.329619,1.466501,-57.465014
22.199793,-2.360609,1.384119,-59.207956
22.239759,-2.505699,1.170400,-60.551114
22.259722,-2.450023,1.170998,-61.137559
22.289712,-2.354737,1.030559,-61.993919
22.334679,-2.592912,1.060942,-63.385223
22.364633,-2.466205,0.983314,-64.234514
22.394627,-2.618250,0.536982,-64.854653
22.434592,-2.711707,0.588022,-65.519140
22.464566,-2.688172,0.519180,-65.908931
22.509528,-2.716732,0.520927,-66.494543
22.539503,-2.857010,0.662775,-67.024318
22.569477,-2.937096,0.822702,-67.461871
22.599451,-3.015575,0.941497,-67.873227
22.634408,-2.887860,1.084187,-68.398297
22.659400,-2.676989,1.127955,-68.774015
22.704357,-2.852595,1.256151,-69.772025
22.734316,-2.724543,1.317905,-70.513845
22.779297,-2.856081,1.267626,-72.170510
22.804278,-2.964108,1.342228,-73.496290
22.829257,-3.288566,1.346426,-74.480824
22.869222,-3.265226,1.280001,-74.849161
22.904174,-2.930977,1.048026,-74.964312
22.934154,-2.812002,1.064479,-75.198521
22.964143,-2.703711,1.191878,-76.063206
23.004107,-2.682059,0.983220,-76.820825
23.034082,-2.511701,0.797048,-77.372514
23.079031,-2.379485,0.621634,-78.669371
23.094030,-2.477093,0.560172,-79.071999
23.138992,-2.666421,0.406041,-80.382065
23.168965,-2.667785,0.348924,-81.316330
23.203938,-2.965619,0.376696,-82.722564
23.243902,-3.122916,0.311454,-83.978742
23.263871,-3.022024,0.239317,-84.206879
23.303853,-3.065542,0.071623,-84.631714
23.333821,-3.201411,0.226738,-84.983371
23.363789,-3.353317,0.230271,-85.145940
23.408742,-3.187891,0.335967,-85.594695
23.438737,-3.038509,0.329890,-86.228074
23.468711,-3.332578,0.430146,-87.345827
23.503671,-3.253553,0.425815,-88.402751
23.533584,-3.258936,0.218087,-89.182449
23.563558,-3.221690,0.142225,-89.801531
23.593533,-3.186056,0.002503,-90.173407
23.623507,-3.014028,0.093287,-90.443149
23.678435,-2.662020,0.013879,-90.461065
23.708408,-2.633608,0.003877,-90.656386
23.723421,-2.652628,0.008166,-90.743164
23.768363,-2.712498,0.096101,-91.007577
23.813345,-2.816431,0.089136,-90.938548
23.833329,-2.716054,0.013979,-90.954940
23.863303,-2.503288,-0.051711,-90.929585
23.903267,-2.502105,0.501784,-90.876832
23.933242,-2.674473,0.568110,-90.882479
23.968214,-2.674430,0.620974,-90.862651
24.008178,-2.191476,0.793523,-90.843769
24.023140,-2.202213,0.806453,-90.845839
24.068127,-2.365644,0.571648,-90.826599
24.098101,-2.383565,0.613009,-90.807537
24.133073,-2.245908,0.557508,-90.794032
24.163022,-2.308043,0.534214,-90.807852
24.193022,-2.288029,0.607010,-90.778518
24.222996,-2.281923,0.633173,-90.758136
24.267958,-2.598126,0.713086,-90.759416
24.307924,-2.516425,0.728158,-90.749008
24.337878,-2.596933,0.782879,-90.725972
24.367867,-2.768974,0.874465,-90.735359
24.397835,-2.829702,0.885531,-90.741280
24.442808,-2.784363,0.954256,-90.723529
24.472756,-2.805664,0.989440,-90.730642
24.502754,-2.737599,0.990942,-90.717109
24.537728,-2.609813,0.968234,-90.699898
24.567704,-2.838982,0.934353,-90.708847
24.607667,-2.834499,0.918796,-90.705402
24.637642,-2.846870,0.885089,-90.682855
24.667616,-2.959464,0.866461,-90.692970
24.697591,-2.933367,0.804163,-90.704660
24.742531,-2.967685,0.824192,-90.688350
24.772530,-3.102295,0.950832,-90.688973
24.802483,-3.185018,0.904150,-90.691364
24.847463,-3.173775,0.989983,-90.688028
24.862451,-3.212750,1.043513,-90.702173
24.907412,-3.060870,1.114479,-90.689587
24.937387,-3.352327,1.139353,-90.672902
24.967354,-3.506460,1.211833,-90.680204
25.002333,-3.680764,1.230155,-90.654581
25.042297,-3.512813,1.197195,-90.676941
25.072272,-3.548438,1.111002,-90.679841
25.102246,-3.495027,1.093751,-90.691981
25.137204,-3.375065,1.166207,-90.729278
25.167192,-3.242965,1.184225,-90.767583
25.192158,-3.098540,1.109453,-90.781226
25.237132,-3.055310,1.078234,-90.809994
25.267106,-2.967750,1.127210,-90.896466
25.302078,-2.683808,1.012145,-90.942103
25.342043,-2.611397,0.916148,-90.990478
25.372018,-2.590273,0.863537,-91.036263
25.401985,-2.313206,0.635124,-90.963825
25.436962,-2.322609,0.975936,-90.963011
25.466937,-1.946594,1.130529,-90.928960
25.496911,-2.157264,0.931469,-90.919600
25.526881,-2.210736,0.887520,-90.910944
25.566841,-1.929985,1.105869,-90.892629
25.611811,-1.991078,0.981473,-90.883604
25.641786,-2.012803,1.016158,-90.870813
25.671757,-1.951625,1.109262,-90.861130
25.701735,-2.044810,0.966215,-90.853672
25.731709,-1.992326,1.005001,-90.847417
25.776650,-1.997552,1.003723,-90.838149
25.806648,-1.962679,1.029036,-90.831593
25.836603,-1.969460,1.028761,-90.826707
25.866585,-2.035624,0.927358,-90.820006
25.911556,-2.063273,0.927550,-90.811406
25.941530,-2.079600,0.898394,-90.807711
25.971506,-2.094367,0.885019,-90.803385
26.001473,-2.115872,0.862346,-90.796779
26.036451,-2.128041,0.844350,-90.792142
26.076416,-2.144798,0.827606,-90.787874
26.091377,-2.147213,0.812745,-90.786497
26.136364,-2.146403,0.813315,-90.780556
26.166339,-2.142466,0.807216,-90.776727
26.201311,-2.160008,0.793499,-90.772244
26.231259,-2.160701,0.789906,-90.768841
26.271248,-2.162474,0.792887,-90.763506
26.291224,-2.173291,0.784949,-90.761614
26.336195,-2.183139,0.757257,-90.757279
26.376160,-2.184529,0.758973,-90.752694
26.406135,-2.186493,0.751069,-90.749773
26.436109,-2.186428,0.753947,-90.747149
26.466083,-2.200748,0.741443,-90.744913
26.501035,-2.199407,0.742406,-90.741985
26.531012,-2.224622,0.901255,-90.748418
26.561004,-2.146516,1.195480,-90.768454
26.590978,-2.143008,1.217832,-90.776778
